Reaction ID;Reaction class;
2673332;DA;
4669847;DA;
31412513;DA;
9183897;DA;
8691076;DA;
35092758;DA;
31412514;DA;
31412516;DA;
31412505;DA;
37872347;DA;
35114821;DA;
2006388;DA;
31412506;DA;
31412517;DA;
37109981;DA;
2675160;DA;
1741754;DA;
9730277;DA;
42646332;DA;
41294714;DA;
42526792;DA;
25968583;DA;
35114822;DA;
2892730;DA;
11279760;DA;
9520405;DA;
2672456;DA;
5051716;DA;
36133235;DA;
36133237;DA;
36133238;DA;
1805229;DA;
29046665;DA;
36133240;DA;
41015619;DA;
29888768;DA;
3953843;DA;
36133239;DA;
1860842;DA;
9819355;DA;
29046639;DA;
5221452;DA;
36133234;DA;
9734927;DA;
39716200;DA;
8886257;DA;
1722663;DA;
1746151;DA;
42526801;DA;
5192776;DA;
42526881;DA;
25976529;DA;
9802034;DA;
40462633;DA;
8566298;DA;
2107642;DA;
2055495;DA;
9058777;DA;
3791369;DA;
2503419;DA;
8691073;DA;
4731193;DA;
10213077;DA;
1709822;DA;
40259237;DA;
9184487;DA;
8609702;DA;
2223043;DA;
5196599;DA;
2891522;DA;
2290719;DA;
38675298;DA;
9256468;DA;
9183753;DA;
9342262;DA;
9197443;DA;
39706875;DA;
1539307;DA;
5061253;DA;
2891051;DA;
5061254;DA;
25756592;DA;
628186;DA;
40781667;DA;
42469894;DA;
8800938;DA;
29008918;DA;
3793577;DA;
8638243;DA;
3791107;DA;
4679531;DA;
8886258;DA;
3736712;DA;
28404507;DA;
31620977;DA;
42527232;DA;
28253723;DA;
37761371;DA;
28253725;DA;
2891692;DA;
31620988;DA;
1695757;DA;
29501470;DA;
1539211;DA;
8694604;DA;
2890671;DA;
1216466;DA;
2783634;DA;
8813332;DA;
36242;DA;
38564048;DA;
9062542;DA;
29501471;DA;
29654479;DA;
29212804;DA;
29505186;DA;
1216508;DA;
1216445;DA;
8827860;DA;
1792656;DA;
28337902;DA;
9669133;DA;
42527241;DA;
5213309;DA;
8764725;DA;
715300;DA;
5059341;DA;
39014152;DA;
36133241;DA;
41320650;DA;
2674125;DA;
11069711;DA;
1496486;DA;
29501476;DA;
3790967;DA;
8763824;DA;
2783638;DA;
11041408;DA;
10037408;DA;
10050984;DA;
39014147;DA;
3824366;DA;
5059342;DA;
5061280;DA;
44431878;DA;
2035112;DA;
32987854;DA;
3791285;DA;
29905923;DA;
29501464;DA;
8617078;DA;
1792387;DA;
28404501;DA;
8666107;DA;
11128281;DA;
36291481;DA;
46601170;DA;
42527064;DA;
36067495;DA;
5063161;DA;
10108514;DA;
42526787;DA;
2513583;DA;
2127652;DA;
10488801;DA;
40370288;DA;
3791284;DA;
5278558;DA;
1405436;DA;
3737129;DA;
1216487;DA;
2783712;DA;
1921367;DA;
3736806;DA;
1792561;DA;
42526766;DA;
29576465;DA;
42526768;DA;
5053099;DA;
42526783;DA;
36067494;DA;
42526785;DA;
36133242;DA;
9029932;DA;
2890778;DA;
3791286;DA;
34232002;DA;
2891693;DA;
43329354;DA;
2674550;DA;
1731703;DA;
31385170;DA;
36067543;DA;
42527077;DA;
9776544;DA;
5053100;DA;
42527093;DA;
10111818;DA;
10424354;DA;
39014157;DA;
29828164;DA;
41320648;DA;
9237310;DA;
2015520;DA;
2783714;DA;
10133804;DA;
37961077;DA;
42527097;DA;
36067545;DA;
30633622;DA;
37079064;DA;
36067535;DA;
36067544;DA;
36067546;DA;
36067534;DA;
2127654;DA;
35800784;DA;
3736807;DA;
31385168;DA;
42199921;DA;
9953396;DA;
35057484;DA;
1216452;DA;
10494575;DA;
44153715;DA;
45132199;DA;
45132203;DA;
45132194;DA;
42527082;DA;
3252241;DA;
34773154;DA;
10133811;DA;
8936843;DA;
10384623;DA;
1539567;DA;
30633511;DA;
8550169;DA;
36067548;DA;
27972581;DA;
27972563;DA;
9781574;DA;
37079062;DA;
33365932;DA;
31385169;DA;
3353100;DA;
10133810;DA;
10133808;DA;
2783664;DA;
10309082;DA;
42527086;DA;
42526756;DA;
41301878;DA;
9784200;DA;
41301867;DA;
10109109;DA;
36067547;DA;
42526772;DA;
1721661;DA;
10133805;DA;
10133812;DA;
10133806;DA;
10133807;DA;
10133809;DA;
4433487;DA;
10309083;DA;
37079058;DA;
42526779;DA;
42526758;DA;
42526775;DA;
42526762;DA;
9785075;DA;
9029934;DA;
31385166;DA;
10110010;DA;
42526764;DA;
41301921;DA;
37079066;DA;
10110754;DA;
41301875;DA;
42526781;DA;
43859354;DA;
8550059;DA;
31385151;DA;
31385231;DA;
8833732;DA;
31385167;DA;
9786533;DA;
37079059;DA;
27972589;DA;
27972576;DA;
2891039;DA;
39199084;DA;
39014151;DA;
10288927;DA;
39199039;DA;
39014148;DA;
27972567;DA;
43742713;DA;
10111714;DA;
39199080;DA;
27972572;DA;
42526760;DA;
41301876;DA;
42526777;DA;
27972583;DA;
43742681;DA;
27972601;DA;
10113365;DA;
37079063;DA;
41301872;DA;
41301880;DA;
8943510;DA;
31385152;DA;
41301877;DA;
41301923;DA;
37079065;DA;
35224217;DA;
4799706;DA;
10401736;DA;
8962118;DA;
31385171;DA;
31385172;DA;
3331662;DA;
10401737;DA;
3791337;DA;
36436254;DA;
36721711;DA;
36721686;DA;
28404495;DA;
46538306;DA;
36721676;DA;
36721685;DA;
36721683;DA;
36721698;DA;
36721710;DA;
30131247;DA;
36721677;DA;
36721696;DA;
36721674;DA;
36721684;DA;
36721682;DA;
36721697;DA;
36721678;DA;
36721680;DA;
36721695;DA;
36721675;DA;
5354746;DA;
9414158;DA;
9414161;DA;
11265214;DA;
1741752;DA;
1860845;DA;
1805231;DA;
1805180;DA;
1860834;DA;
1860820;DA;
1805255;DA;
31642713;DA;
31642717;DA;
38563960;DA;
38563968;DA;
4880085;DA;
9237316;DA;
9241189;DA;
31936041;DA;
10102917;DA;
10103015;DA;
10109059;DA;
1891430;DA;
4857365;DA;
1840780;DA;
4880086;DA;
10494546;DA;
1840782;DA;
9237309;DA;
43632884;DA;
5113494;DA;
4503982;DA;
2962600;DA;
9379080;DA;
676210;DA;
1538798;DA;
37800208;DA;
37800209;DA;
37800207;DA;
37800205;DA;
2890992;DA;
1840559;DA;
2891781;DA;
2891786;DA;
4921201;DA;
9296857;DA;
9730174;DA;
8960014;DA;
2891635;DA;
2891636;DA;
2891639;DA;
2891640;DA;
1840969;DA;
39014150;DA;
31160534;DA;
1840585;DA;
1840586;DA;
1840916;DA;
1840917;DA;
1840918;DA;
1840919;DA;
9939002;DA;
35123579;DA;
35123584;DA;
35123578;DA;
8612890;DA;
35123580;DA;
35123586;DA;
35123587;DA;
8609334;DA;
35123577;DA;
1722456;DA;
2015636;DA;
2015663;DA;
3793623;DA;
3793687;DA;
35123572;DA;
35123573;DA;
35123574;DA;
35123575;DA;
35123576;DA;
1722197;DA;
11069714;DA;
1722212;DA;
9969028;DA;
8671116;DA;
1840878;DA;
4562548;DA;
4892220;DA;
4896687;DA;
9296858;DA;
28323623;DA;
28404496;DA;
28404500;DA;
28404510;DA;
4892006;DA;
9296861;DA;
28162114;DA;
31120787;DA;
9182473;DA;
9295469;DA;
1840709;DA;
1840733;DA;
1722577;DA;
1840873;DA;
8826393;DA;
1539531;DA;
9295511;DA;
9295475;DA;
9295474;DA;
9295476;DA;
9295505;DA;
28162113;DA;
28162115;DA;
9295470;DA;
9295484;DA;
9295506;DA;
1539530;DA;
9295477;DA;
978580;DA;
9342649;DA;
896528;DA;
946809;DA;
3953855;DA;
1378766;DA;
9302286;DA;
9302288;DA;
9182443;DA;
9182445;DA;
3352406;DA;
32464737;DA;
35123582;DA;
32464734;DA;
32464739;DA;
35123581;DA;
28206364;DA;
32464742;DA;
28206356;DA;
2015687;DA;
32126637;DA;
32126638;DA;
3352233;DA;
11280851;DA;
32126640;DA;
28162118;DA;
32126617;DA;
2015476;DA;
4659949;DA;
9068170;DA;
24977012;DA;
2015502;DA;
4613072;DA;
4613346;DA;
4631697;DA;
4637046;DA;
4662596;DA;
9939012;DA;
30031384;DA;
28162123;DA;
9059023;DA;
4321663;DA;
9068168;DA;
9068169;DA;
2015650;DA;
9059024;DA;
28516019;DA;
28894444;DA;
2891797;DA;
9058975;DA;
32126612;DA;
28162121;DA;
28162124;DA;
4265100;DA;
4330932;DA;
5322070;DA;
9946558;DA;
9967608;DA;
9972699;DA;
9973487;DA;
9025656;DA;
1216510;DA;
1695752;DA;
2015522;DA;
628185;DA;
2891800;DA;
2891801;DA;
3791447;DA;
1020622;DA;
3791438;DA;
32126641;DA;
32126618;DA;
4632308;DA;
11280822;DA;
2783630;DA;
4605478;DA;
11280823;DA;
4608548;DA;
1753496;DA;
8568137;DA;
8581112;DA;
5103511;DA;
1216454;DA;
1216468;DA;
1216505;DA;
1403796;DA;
1216470;DA;
4076868;DA;
2127650;DA;
4076865;DA;
4076867;DA;
2127687;DA;
4761826;DA;
4761827;DA;
36014374;DA;
2127680;DA;
2648040;DA;
4607194;DA;
4552408;DA;
4660307;DA;
2127689;DA;
2127669;DA;
997074;DA;
46601171;DA;
1216463;DA;
1216477;DA;
1216504;DA;
1216457;DA;
2127633;DA;
2127672;DA;
4477433;DA;
28529813;DA;
28529818;DA;
28529827;DA;
2674677;DA;
2549028;DA;
10416943;DA;
628180;DA;
1216453;DA;
2675024;DA;
11126894;DA;
1721917;DA;
1722225;DA;
1722226;DA;
4821449;DA;
1216444;DA;
946885;DA;
628187;DA;
628174;DA;
46220427;DA;
46220428;DA;
46220452;DA;
46220454;DA;
9598339;DA;
9793572;DA;
9797615;DA;
10019159;DA;
25990259;DA;
32464733;DA;
10025321;DA;
25929016;DA;
28649135;DA;
29511407;DA;
36014364;DA;
36014366;DA;
36014370;DA;
4926737;DA;
8813131;DA;
8833731;DA;
29030496;DA;
29132632;DA;
32544101;DA;
36014368;DA;
1574819;DA;
32232465;DA;
28529828;DA;
41301918;DA;
41301919;DA;
43052126;DA;
43052128;DA;
43052132;DA;
43052134;DA;
43052139;DA;
43052143;DA;
43632146;DA;
43052136;DA;
45579201;DA;
32232487;DA;
42185934;DA;
9812687;DA;
29030504;DA;
32126464;DA;
32126465;DA;
32126466;DA;
32126467;DA;
32126469;DA;
36014372;DA;
37937621;DA;
37937622;DA;
37937623;DA;
8987791;DA;
9082507;DA;
9082508;DA;
9082511;DA;
9082513;DA;
9082514;DA;
9082515;DA;
9082516;DA;
11273040;DA;
28204269;DA;
28204272;DA;
28204278;DA;
28204280;DA;
28204281;DA;
28204283;DA;
28204304;DA;
28204306;DA;
28204308;DA;
28204310;DA;
28204312;DA;
28204314;DA;
28204316;DA;
28204318;DA;
28204320;DA;
28204322;DA;
28204325;DA;
31469619;DA;
35102567;DA;
36014376;DA;
36014379;DA;
8578554;DA;
11273032;DA;
32126468;DA;
36014385;DA;
36072913;DA;
39971104;DA;
9021446;DA;
33663797;DA;
33663800;DA;
35044489;DA;
42469893;DA;
42469909;DA;
29030499;DA;
33663827;DA;
35512236;DA;
35512237;DA;
9408368;DA;
9408383;DA;
9408388;DA;
9442364;DA;
10019134;DA;
25990345;DA;
25990367;DA;
28767249;DA;
28767258;DA;
43742683;DA;
43742687;DA;
43742688;DA;
43742689;DA;
43742692;DA;
43742903;DA;
43742905;DA;
43742906;DA;
43742907;DA;
43742908;DA;
43742909;DA;
11151119;DA;
8892114;DA;
9935107;DA;
9977733;DA;
10244578;DA;
10282286;DA;
1215005;DA;
40845567;DA;
40845569;DA;
40845571;DA;
40845573;DA;
40845575;DA;
40845578;DA;
40845580;DA;
40845584;DA;
40845585;DA;
40845586;DA;
40845587;DA;
10282290;DA;
10324301;DA;
37588847;DA;
37588850;DA;
37588852;DA;
37588855;DA;
5197735;DA;
8821877;DA;
8827872;DA;
8833723;DA;
8833726;DA;
9021003;DA;
8833729;DA;
8833722;DA;
9021005;DA;
9021452;DA;
9021453;DA;
28529814;DA;
28529815;DA;
28529819;DA;
28529820;DA;
28529829;DA;
28529830;DA;
44696374;DA;
8833725;DA;
8833730;DA;
9401934;DA;
10491516;DA;
11087228;DA;
11251010;DA;
11251020;DA;
32464736;DA;
29085367;DA;
2448205;DA;
4487108;DA;
2478690;DA;
32184381;DA;
4181429;DA;
25968693;DA;
25968681;DA;
4461204;DA;
3793407;DA;
3841928;DA;
44471332;DA;
26024746;DA;
1640969;DA;
25968680;DA;
1640962;DA;
1721747;DA;
42526730;DA;
42526803;DA;
42526883;DA;
42527054;DA;
42527069;DA;
42527073;DA;
42527079;DA;
42527091;DA;
42527095;DA;
42527150;DA;
42527171;DA;
28404502;DA;
28404503;DA;
28404506;DA;
2127678;DA;
5331246;DA;
5331247;DA;
10127217;DA;
3533542;DA;
10231196;DA;
9642050;DA;
37370481;DA;
8822271;DA;
41044682;DA;
9640450;DA;
25968682;DA;
42527233;DA;
1568965;DA;
1538968;DA;
2673403;DA;
1973084;DA;
1640969;DA;
2673402;DA;
43797916;DA;
10488788;DA;
9151028;DA;
42526805;DA;
8760757;DA;
34256120;DA;
31582309;DA;
28404497;DA;
38564085;DA;
8806904;DA;
37600195;DA;
8806903;DA;
40781665;DA;
8863283;DA;
10019106;DA;
38675300;DA;
1972612;DA;
8900899;DA;
1722722;DA;
8805618;DA;
8805619;DA;
8800948;DA;
31582315;DA;
9211084;DA;
11045720;DA;
8800947;DA;
9058778;DA;
1746171;DA;
8886259;DA;
42526728;DA;
4171040;DA;
2479136;DA;
9151029;DA;
42525943;DA;
8836056;DA;
8836057;DA;
9180708;DA;
1783484;DA;
2673529;DA;
29053250;DA;
29053249;DA;
8609701;DA;
42527052;DA;
32603429;DA;
2060712;DA;
37600196;DA;
2890931;DA;
38190165;DA;
29053263;DA;
28404498;DA;
28482265;DA;
11045718;DA;
11045717;DA;
1640974;DA;
10102925;DA;
1640962;DA;
8618778;DA;
2215336;DA;
2215337;DA;
3962121;DA;
9770168;DA;
31133182;DA;
8739845;DA;
31133178;DA;
9445621;DA;
5275982;DA;
28183801;DA;
28482266;DA;
3292708;DA;
9062546;DA;
39594232;DA;
4814406;DA;
4297218;DA;
31133183;DA;
4338241;DA;
4791585;DA;
1721894;DA;
31402126;DA;
1627045;DA;
38564084;DA;
28183802;DA;
28482269;DA;
38564124;DA;
40781664;DA;
3791184;DA;
31133184;DA;
1627118;DA;
9713731;DA;
3788261;DA;
5103425;DA;
32983536;DA;
38675301;DA;
10026459;DA;
9712984;DA;
3293088;DA;
2127648;DA;
8875982;DA;
1128293;DA;
10276392;DA;
3800715;DA;
8805390;DA;
267;DA;
8760775;DA;
2891532;DA;
50014816;DA;
31133189;DA;
44153711;DA;
2674292;DA;
34763806;DA;
8875983;DA;
10036278;DA;
5067956;DA;
3791381;DA;
9802780;DA;
5103423;DA;
1538650;DA;
9242508;DA;
29053264;DA;
46700902;DA;
8805389;DA;
9062543;DA;
38564023;DA;
40484074;DA;
34763807;DA;
38564040;DA;
30149578;DA;
38564036;DA;
10553247;DA;
34914900;DA;
8875981;DA;
29123749;DA;
9770169;DA;
37517801;DA;
29053260;DA;
1722554;DA;
8929819;DA;
38564038;DA;
38564212;DA;
38564208;DA;
10022611;DA;
38564216;DA;
37517796;DA;
9270125;DA;
2127667;DA;
3842007;DA;
28238075;DA;
10468102;DA;
38511256;DA;
10504531;DA;
4811094;DA;
9342412;DA;
46700899;DA;
29053261;DA;
38125504;DA;
29788837;DA;
25980652;DA;
38564200;DA;
38564210;DA;
38564206;DA;
39084971;DA;
29154622;DA;
44623574;DA;
31402166;DA;
4768003;DA;
4811090;DA;
40484082;DA;
40484123;DA;
40484077;DA;
9713733;DA;
9713732;DA;
8743964;DA;
29053255;DA;
29053253;DA;
29053256;DA;
38125471;DA;
38125514;DA;
43521777;DA;
44153713;DA;
42527067;DA;
36067542;DA;
5259653;DA;
42527071;DA;
38564193;DA;
10376546;DA;
42527075;DA;
10376550;DA;
10027471;DA;
4768001;DA;
1824984;DA;
29085378;DA;
4811212;DA;
3793426;DA;
10376552;DA;
38125512;DA;
29788838;DA;
27936450;DA;
10376548;DA;
10376558;DA;
10378290;DA;
10376549;DA;
10376555;DA;
10376557;DA;
10376554;DA;
36067538;DA;
10376547;DA;
10378294;DA;
10376556;DA;
38125508;DA;
4811210;DA;
9414672;DA;
38054838;DA;
44153563;DA;
41436175;DA;
45848959;DA;
42525947;DA;
9582183;DA;
38564204;DA;
10378291;DA;
10378296;DA;
9993368;DA;
28859948;DA;
10381256;DA;
10376562;DA;
10381252;DA;
37517750;DA;
34054773;DA;
10376560;DA;
10378298;DA;
10378299;DA;
10376561;DA;
32248683;DA;
47238958;DA;
10378292;DA;
10378301;DA;
10378302;DA;
10376563;DA;
10378300;DA;
10026831;DA;
10378293;DA;
38564025;DA;
36067536;DA;
36067539;DA;
2674928;DA;
9424342;DA;
10026460;DA;
38125467;DA;
10381253;DA;
10378305;DA;
10376551;DA;
10378307;DA;
43521778;DA;
38564037;DA;
10388223;DA;
10381258;DA;
49865204;DA;
10381263;DA;
10388227;DA;
10378308;DA;
10376559;DA;
10027563;DA;
10381260;DA;
10381255;DA;
10381254;DA;
10381262;DA;
10381259;DA;
10381261;DA;
10378306;DA;
47238957;DA;
38564044;DA;
33365933;DA;
8553744;DA;
38125510;DA;
38125460;DA;
44153579;DA;
10376564;DA;
10388231;DA;
10388234;DA;
38564067;DA;
38564039;DA;
10388233;DA;
10388230;DA;
27972590;DA;
38564054;DA;
10378303;DA;
9241191;DA;
10388229;DA;
10048649;DA;
10381268;DA;
10381266;DA;
41301874;DA;
9241192;DA;
10381265;DA;
10541459;DA;
10378295;DA;
10388225;DA;
10027557;DA;
10388224;DA;
10388232;DA;
47238956;DA;
10381267;DA;
10388226;DA;
38125468;DA;
38125503;DA;
38125513;DA;
33365931;DA;
2215352;DA;
37517954;DA;
29574881;DA;
8933725;DA;
10026461;DA;
38125506;DA;
10388301;DA;
10102927;DA;
10388238;DA;
49865201;DA;
10494544;DA;
10388306;DA;
10378309;DA;
27972599;DA;
10388236;DA;
10388239;DA;
10381264;DA;
42527099;DA;
10381257;DA;
9523033;DA;
36067541;DA;
10388237;DA;
4829428;DA;
4829427;DA;
38125511;DA;
10384629;DA;
1721662;DA;
43521775;DA;
38125470;DA;
38125502;DA;
29053251;DA;
10388308;DA;
10386847;DA;
10388303;DA;
30261718;DA;
10381269;DA;
49865202;DA;
10388228;DA;
10388311;DA;
10388305;DA;
10388309;DA;
42527084;DA;
10388312;DA;
10388313;DA;
10388310;DA;
10388235;DA;
10069425;DA;
10388304;DA;
10384624;DA;
10386851;DA;
38125507;DA;
10445899;DA;
2127824;DA;
3252242;DA;
10384635;DA;
38125469;DA;
10386353;DA;
8666129;DA;
37454598;DA;
10388240;DA;
10384637;DA;
10386850;DA;
10386848;DA;
10386349;DA;
10386854;DA;
10386858;DA;
10384626;DA;
10388316;DA;
10425941;DA;
46700900;DA;
10384625;DA;
10388317;DA;
10386853;DA;
10388315;DA;
10384634;DA;
10384631;DA;
10386856;DA;
10386855;DA;
10384636;DA;
10386849;DA;
10388318;DA;
10384627;DA;
10384638;DA;
30261720;DA;
10386857;DA;
10425945;DA;
8934997;DA;
38125464;DA;
38564056;DA;
10386357;DA;
10386861;DA;
10425942;DA;
10386360;DA;
10388307;DA;
10425947;DA;
10386352;DA;
10384643;DA;
10425948;DA;
10384642;DA;
10425944;DA;
10386863;DA;
10425943;DA;
37079060;DA;
10425949;DA;
10386355;DA;
10386350;DA;
30261723;DA;
10388314;DA;
11126807;DA;
10425951;DA;
10425950;DA;
10425952;DA;
10386356;DA;
10386358;DA;
10386860;DA;
10384644;DA;
10386359;DA;
10386862;DA;
10386351;DA;
10384645;DA;
43521776;DA;
38125457;DA;
30261586;DA;
9829793;DA;
3153620;DA;
3153523;DA;
38125466;DA;
10388765;DA;
10384630;DA;
10425955;DA;
10386859;DA;
10386363;DA;
10074330;DA;
10425956;DA;
10386364;DA;
10386852;DA;
27972591;DA;
38125509;DA;
10384639;DA;
10425957;DA;
30261729;DA;
10425954;DA;
49709320;DA;
49709400;DA;
10388761;DA;
10388319;DA;
10386362;DA;
10386365;DA;
38125505;DA;
2015581;DA;
5314819;DA;
38125459;DA;
38125465;DA;
27972592;DA;
10386354;DA;
10386864;DA;
10388763;DA;
10425946;DA;
37079061;DA;
10388764;DA;
10388770;DA;
10388767;DA;
10384647;DA;
10388772;DA;
10425953;DA;
10388771;DA;
10388768;DA;
10386361;DA;
10388769;DA;
10388762;DA;
31427765;DA;
27972574;DA;
4962738;DA;
10067752;DA;
30261587;DA;
38125458;DA;
10388776;DA;
10388777;DA;
10425958;DA;
10386366;DA;
47238959;DA;
10388775;DA;
10388774;DA;
46150106;DA;
27972577;DA;
28204273;DA;
10445902;DA;
4427071;DA;
2674698;DA;
10388773;DA;
10388766;DA;
49778664;DA;
10051082;DA;
10280770;DA;
10026462;DA;
10388778;DA;
36149199;DA;
29466732;DA;
8913998;DA;
32401116;DA;
4371697;DA;
10445904;DA;
9153109;DA;
8863293;DA;
29466730;DA;
35611748;DA;
2201378;DA;
29466728;DA;
9414159;DA;
9414160;DA;
43470961;MA;
43470972;MA;
43470967;MA;
36212250;MA;
36212254;MA;
42585010;MA;
9342543;MA;
9305605;MA;
9342547;MA;
9305600;MA;
8622938;MA;
8622984;MA;
37534438;MA;
37534443;MA;
37534444;MA;
37534445;MA;
37534446;MA;
37534471;MA;
8622924;MA;
28959989;MA;
28959988;MA;
2249099;MA;
2226968;MA;
28933031;MA;
28933028;MA;
11230278;MA;
33492660;MA;
36282928;MA;
36282930;MA;
36282943;MA;
4379796;MA;
28765944;MA;
39664657;MA;
43389197;MA;
43389198;MA;
49275311;MA;
30290310;MA;
47232792;MA;
30561865;MA;
39877414;MA;
42844298;MA;
9881062;MA;
9881088;MA;
2212427;MA;
9880482;MA;
11286909;MA;
9078470;MA;
2250144;MA;
9078472;MA;
11098222;MA;
28466650;MA;
2222480;MA;
2226969;MA;
2226970;MA;
2226971;MA;
35171019;MA;
43389196;MA;
43389186;MA;
30290324;MA;
30290337;MA;
30290383;MA;
31817698;MA;
8781355;MA;
8610796;MA;
31817699;MA;
8941753;MA;
9036411;MA;
9078471;MA;
11083007;MA;
30551463;MA;
34135553;MA;
34135574;MA;
30068479;MA;
34135575;MA;
3784887;MA;
10251036;MA;
47304024;MA;
4164168;MA;
4164169;MA;
9342542;MA;
9342546;MA;
9305599;MA;
9305604;MA;
29170765;MA;
29656684;MA;
44778560;MA;
48758565;MA;
51589741;MA;
2249726;MA;
8684312;MA;
9251910;MA;
9406483;MA;
9592032;MA;
9595635;MA;
10306243;MA;
29985917;MA;
51589742;MA;
2213661;MA;
2256480;MA;
4828937;MA;
8540383;MA;
8689873;MA;
8755796;MA;
9240240;MA;
9592649;MA;
9726312;MA;
10206601;MA;
10298798;MA;
10444448;MA;
11002013;MA;
11064497;MA;
11064499;MA;
29338198;MA;
29985918;MA;
30696736;MA;
31720906;MA;
31720925;MA;
38621209;MA;
38621223;MA;
2214355;MA;
2251302;MA;
4839250;MA;
4839307;MA;
8540977;MA;
9251432;MA;
9260810;MA;
9266800;MA;
9460698;MA;
11064510;MA;
11064513;MA;
29155947;MA;
30224563;MA;
32405821;MA;
35028402;MA;
40195043;MA;
47101481;MA;
51921554;MA;
1908655;MA;
2442363;MA;
4080268;MA;
4776979;MA;
9291605;MA;
11064506;MA;
11064508;MA;
11064512;MA;
40097819;MA;
46938183;MA;
2441065;MA;
8820953;MA;
8886190;MA;
9583962;MA;
11064501;MA;
9252784;MA;
10029328;MA;
11064504;MA;
28506004;MA;
29472323;MA;
33222040;MA;
46938182;MA;
2255733;MA;
8540384;MA;
24134501;MA;
42908373;MA;
4294185;MA;
42400270;MA;
8640016;MA;
807;MA;
808;MA;
16847;MA;
4882877;MA;
4614050;MA;
47552801;MA;
9036270;MA;
9037053;MA;
9071062;MA;
2222125;MA;
9016728;MA;
9020632;MA;
9036998;MA;
9071064;MA;
28771546;MA;
37525829;MA;
9004917;MA;
9037789;MA;
9038469;MA;
9189864;MA;
9020638;MA;
32798949;MA;
2222128;MA;
9880840;MA;
27971705;MA;
27971706;MA;
4813887;MA;
4442462;MA;
4442463;MA;
9867837;MA;
2068766;MA;
9655275;MA;
10297997;MA;
29170764;MA;
37045396;MA;
2251857;MA;
4937781;MA;
2213660;MA;
4165145;MA;
5186179;MA;
5187679;MA;
5187689;MA;
5200972;MA;
5201709;MA;
5222234;MA;
10125006;MA;
31192621;MA;
45615996;MA;
45616008;MA;
45616037;MA;
2138427;MA;
2253427;MA;
2255531;MA;
2259113;MA;
2250407;MA;
4308831;MA;
44173972;MA;
45863271;MA;
1674192;MA;
2254298;MA;
4417841;MA;
4427529;MA;
4427604;MA;
4427684;MA;
1510245;MA;
2248076;MA;
2248866;MA;
4165342;MA;
4874910;MA;
9525571;MA;
29455521;MA;
2249056;MA;
4438571;MA;
4438572;MA;
4462408;MA;
4462431;MA;
4463482;MA;
4480407;MA;
4480814;MA;
4485596;MA;
4506313;MA;
4568820;MA;
4568823;MA;
4601127;MA;
4601131;MA;
4759975;MA;
4791775;MA;
3893880;MA;
2316458;MA;
28855766;MA;
29031949;MA;
3826017;MA;
9548301;MA;
931025;MA;
931027;MA;
49973779;MA;
4294179;MA;
34135528;MA;
34135530;MA;
28855769;MA;
4297311;MA;
2926334;MA;
775837;MA;
2852110;MA;
4534767;MA;
1321;MA;
94160;MA;
94576;MA;
4636784;MA;
9525572;MA;
2823464;MA;
3118222;MA;
3121805;MA;
3148302;MA;
3148432;MA;
3148541;MA;
3148542;MA;
3151632;MA;
4075597;MA;
4470488;MA;
5231529;MA;
1437057;MA;
9610578;MA;
3802060;MA;
2247877;MA;
2249409;MA;
2250406;MA;
2925614;MA;
4307392;MA;
8932822;MA;
8946117;MA;
8946997;MA;
3068368;MA;
8938515;MA;
8954344;MA;
1674844;MA;
1674845;MA;
2247850;MA;
2248005;MA;
2249845;MA;
2249847;MA;
2254472;MA;
2259615;MA;
4419088;MA;
1607921;MA;
1674147;MA;
1674389;MA;
1674800;MA;
2215104;MA;
2248865;MA;
2249781;MA;
2253659;MA;
2255588;MA;
2255687;MA;
2255725;MA;
2925931;MA;
2926183;MA;
4732299;MA;
5090181;MA;
4819335;MA;
4819384;MA;
1674511;MA;
2219227;MA;
2249530;MA;
2254552;MA;
2926007;MA;
3802085;MA;
3802087;MA;
3968468;MA;
3983599;MA;
4313860;MA;
4430589;MA;
4430590;MA;
37045465;MA;
1833310;MA;
4212725;MA;
4314490;MA;
4300946;MA;
43470781;MA;
43470789;MA;
36212272;MA;
36212278;MA;
5097777;MA;
5108699;MA;
5108701;MA;
46723168;MA;
45873495;MA;
45873496;MA;
10312198;MA;
8521425;MA;
8709588;MA;
1248970;MA;
4029508;MA;
4301988;MA;
4918669;MA;
4918670;MA;
4918671;MA;
4918672;MA;
4918673;MA;
4918674;MA;
31782152;MA;
24073651;MA;
47825583;MA;
4579528;MA;
16850;MA;
28874530;MA;
26000330;MA;
10125768;MA;
10312196;MA;
2249767;MA;
9461481;MA;
2068762;MA;
2823463;MA;
3119049;MA;
3125044;MA;
4470487;MA;
4478940;MA;
2068763;MA;
9946159;MA;
28704189;MA;
3744140;MA;
3797422;MA;
8640008;MA;
9091976;MA;
39499724;MA;
10286250;MA;
38053450;MA;
38053451;MA;
38053454;MA;
38053462;MA;
42799937;MA;
38053456;MA;
38053463;MA;
38053455;MA;
38053460;MA;
38053457;MA;
3798113;MA;
25977635;MA;
38053453;MA;
39499700;MA;
25977636;MA;
25977637;MA;
38053469;MA;
3802672;MA;
3525851;MA;
3798261;MA;
10294997;MA;
4956259;MA;
4860517;MA;
9878097;MA;
9889133;MA;
2250807;MA;
3226164;MA;
4874961;MA;
38621266;MA;
45615990;MA;
45615991;MA;
45615994;MA;
45616017;MA;
45616025;MA;
45616029;MA;
45616030;MA;
45616031;MA;
4860543;MA;
4885219;MA;
9899683;MA;
29031948;MA;
2248688;MA;
4032977;MA;
4421024;MA;
4457374;MA;
2249214;MA;
2249560;MA;
4624814;MA;
11037739;MA;
4205871;MA;
4206366;MA;
2200792;MA;
2249851;MA;
4520118;MA;
4558608;MA;
4558609;MA;
4791648;MA;
4258258;MA;
4258264;MA;
4261423;MA;
1140846;MA;
2316457;MA;
4526741;MA;
4534942;MA;
23598006;MA;
39499718;MA;
36777926;MA;
25977620;MA;
36777927;MA;
36777928;MA;
1728466;MA;
3230951;MA;
1674477;MA;
4068059;MA;
4068078;MA;
29235755;MA;
8837861;MA;
3802966;MA;
10125766;MA;
9396717;MA;
4347551;MA;
43205940;MA;
2259456;MA;
47332201;MA;
28117392;MA;
36288532;MA;
36288537;MA;
38415814;MA;
49034890;MA;
29001013;MA;
36288538;MA;
38398683;MA;
38415815;MA;
9654774;MA;
41210907;MA;
43780094;MA;
43780096;MA;
49151601;MA;
38415816;MA;
38415817;MA;
41210929;MA;
44816890;MA;
49034867;MA;
2259208;MA;
42526378;MA;
42526397;MA;
49034905;MA;
2247752;MA;
10408289;MA;
41210888;MA;
2248260;MA;
2249069;MA;
9809448;MA;
23569086;MA;
31720926;MA;
36288539;MA;
48161758;MA;
2248031;MA;
4950122;MA;
2259160;MA;
4828672;MA;
45641708;MA;
48149645;MA;
10043850;MA;
10306244;MA;
11090368;MA;
40703961;MA;
50888839;MA;
5049624;MA;
9776370;MA;
31226119;MA;
31901446;MA;
31901448;MA;
39697859;MA;
41210887;MA;
2248318;MA;
5201547;MA;
8880593;MA;
8880638;MA;
9592064;MA;
9812808;MA;
10206478;MA;
10408767;MA;
11152338;MA;
11219798;MA;
28506007;MA;
28869857;MA;
30024159;MA;
2214340;MA;
2253495;MA;
9073731;MA;
9317680;MA;
9726558;MA;
45495641;MA;
51589743;MA;
2251888;MA;
2263982;MA;
8622923;MA;
9317200;MA;
10067514;MA;
10142915;MA;
10397620;MA;
11055576;MA;
49973832;MA;
28846002;MA;
28855767;MA;
28855768;MA;
29463080;MA;
29463081;MA;
36264760;MA;
42148670;MA;
50230346;MA;
2213658;MA;
5187162;MA;
8816984;MA;
9193256;MA;
31065893;MA;
32597536;MA;
52258554;MA;
2852609;MA;
9122468;MA;
9614382;MA;
10326536;MA;
30630656;MA;
40311061;MA;
2946852;MA;
46625300;MA;
4473469;MA;
28809163;MA;
30979204;MA;
9041610;MA;
9042084;MA;
41017659;MA;
2248685;MA;
3802206;MA;
8623466;MA;
35316471;MA;
44778471;MA;
1815655;MA;
2248855;MA;
3890132;MA;
9000941;MA;
9000944;MA;
29155957;MA;
1506628;MA;
1510246;MA;
2252953;MA;
11227220;MA;
1674501;MA;
1437054;MA;
1437067;MA;
1546906;MA;
1832274;MA;
2944110;MA;
30041257;MA;
47565958;MA;
5329505;MA;
10885340;MA;
25264578;MA;
2259817;MA;
9211119;MA;
9655259;MA;
28497261;MA;
49269497;MA;
3798091;MA;
49269483;MA;
4294184;MA;
5148163;MA;
28845999;MA;
28846000;MA;
47738641;MA;
40052959;MA;
3962320;MA;
10205877;MA;
9523294;MA;
9573962;MA;
25969890;MA;
8640013;MA;
8755762;MA;
28611624;MA;
29503398;MA;
37045464;MA;
45615992;MA;
45616027;MA;
28611625;MA;
3862854;MA;
25951463;MA;
3871179;MA;
3871180;MA;
3871186;MA;
3871188;MA;
3871189;MA;
3871192;MA;
3871193;MA;
4727764;MA;
1880260;MA;
4473294;MA;
2250088;MA;
1659506;MA;
1786350;MA;
2159137;MA;
1519425;MA;
1710655;MA;
1806127;MA;
1984520;MA;
2039065;MA;
2152841;MA;
41489031;MA;
29856734;MA;
32575320;MA;
9956301;MA;
39958656;MA;
27788305;MA;
39800885;MA;
47111641;MA;
47332096;MA;
23751013;MA;
29749120;MA;
43780092;MA;
43780095;MA;
43780097;MA;
50232571;MA;
31353497;MA;
42940094;MA;
43780098;MA;
9654785;MA;
43780093;MA;
2259197;MA;
1908738;MA;
9074393;MA;
9074394;MA;
28497666;MA;
29856735;MA;
41210833;MA;
43704452;MA;
46019412;MA;
2441775;MA;
10125533;MA;
27788303;MA;
30473203;MA;
30473204;MA;
5279250;MA;
10397619;MA;
29718749;MA;
33827307;MA;
2068744;MA;
2256479;MA;
9554030;MA;
10392590;MA;
45459989;MA;
50888670;MA;
25900698;MA;
29750146;MA;
40352200;MA;
40352201;MA;
2251072;MA;
5274622;MA;
9008746;MA;
9318052;MA;
10205876;MA;
10206476;MA;
8866661;MA;
33756981;MA;
37251329;MA;
9878096;MA;
10023960;MA;
11236121;MA;
37468307;MA;
9193876;MA;
23659641;MA;
37958017;MA;
36334988;MA;
42908371;MA;
42908372;MA;
31608208;MA;
47825582;MA;
9678637;MA;
4947531;MA;
40094244;MA;
28874494;MA;
10042598;MA;
30052101;MA;
2212104;MA;
2254873;MA;
2259516;MA;
2430203;MA;
9211120;MA;
9989333;MA;
47552802;MA;
9715688;MA;
9733188;MA;
35417667;MA;
52247100;MA;
26000112;MA;
35123795;MA;
1673583;MA;
2256364;MA;
2315752;MA;
9189865;MA;
2259486;MA;
9715656;MA;
2250145;MA;
2255551;MA;
3630148;MA;
11227219;MA;
33534946;MA;
42348621;MA;
2214219;MA;
2247708;MA;
9592646;MA;
10135635;MA;
28892622;MA;
29338197;MA;
32556786;MA;
34387750;MA;
36676037;MA;
37069794;MA;
38621225;MA;
38621227;MA;
47606798;MA;
50282279;MA;
51414892;MA;
4427148;MA;
40519756;MA;
42058977;MA;
43560305;MA;
48749407;MA;
51605289;MA;
9786830;MA;
34632230;MA;
37230280;MA;
2259371;MA;
2442255;MA;
8575226;MA;
8818482;MA;
9798744;MA;
10542597;MA;
29390722;MA;
41151630;MA;
47332213;MA;
4860540;MA;
4860544;MA;
4874955;MA;
11247096;MA;
4427705;MA;
9786635;MA;
9127294;MA;
9135689;MA;
10107749;MA;
2255684;MA;
9775975;MA;
2249183;MA;
8560683;MA;
9122467;MA;
45261409;MA;
4256556;MA;
9126721;MA;
29590146;MA;
45848711;MA;
9122469;MA;
4825882;MA;
4996893;MA;
46006316;MA;
38699766;MA;
46809599;MA;
42536309;MA;
36031004;MA;
2249229;MA;
28152450;MA;
40368336;MA;
9945538;MA;
11037585;MA;
29533567;MA;
9479741;MA;
11069833;MA;
44485446;MA;
4417807;MA;
4829146;MA;
8623625;MA;
28853065;MA;
34305803;MA;
42538007;MA;
28853060;MA;
2250798;MA;
4874882;MA;
4937653;MA;
8675045;MA;
8932784;MA;
10299011;MA;
4266529;MA;
4270561;MA;
10297985;MA;
33876883;MA;
34535388;MA;
11230270;MA;
36282956;MA;
33484141;MA;
33492654;MA;
3798092;MA;
46006320;MA;
48028911;MA;
38520781;MA;
38699760;MA;
46006319;MA;
46006317;MA;
28963541;MA;
46006318;MA;
8946214;MA;
28497983;MA;
32730334;MA;
8946211;MA;
8946218;MA;
8946212;MA;
8946219;MA;
52277956;MA;
8668016;MA;
31331445;MA;
8668009;MA;
8672089;MA;
8695018;MA;
8695022;MA;
29026260;MA;
1932651;MA;
3968878;MA;
8946213;MA;
9592416;MA;
10125504;MA;
5187621;MA;
1950681;MA;
8623538;MA;
9396183;MA;
28701305;MA;
4079427;MA;
4678403;MA;
26000082;MA;
28886407;MA;
29417819;MA;
47332117;MA;
4996551;MA;
23665253;MA;
10454320;MA;
10118326;MA;
10205976;MA;
5201917;MA;
11152007;MA;
11151998;MA;
2214226;MA;
2259139;MA;
4875353;MA;
8577269;MA;
9654807;MA;
9910478;MA;
35800807;MA;
2259551;MA;
8816985;MA;
30189120;MA;
30189121;MA;
10407595;MA;
50623438;MA;
31945470;MA;
40146348;MA;
40146349;MA;
2017297;MA;
2252930;MA;
35913362;MA;
51111085;MA;
10514623;MA;
3841472;MA;
2214227;MA;
2253955;MA;
3555862;MA;
9069082;MA;
2255773;MA;
1673914;MA;
1675053;MA;
2247942;MA;
2250462;MA;
2253444;MA;
2253456;MA;
2255678;MA;
2256476;MA;
2258708;MA;
2259868;MA;
2315758;MA;
2316142;MA;
2925605;MA;
5004498;MA;
1738543;MA;
2259173;MA;
3555797;MA;
4828691;MA;
1673993;MA;
2211728;MA;
2251188;MA;
2476632;MA;
2477633;MA;
4164544;MA;
4240754;MA;
4246699;MA;
4246700;MA;
4246701;MA;
4246702;MA;
2259680;MA;
4874501;MA;
4874502;MA;
1674930;MA;
2017298;MA;
2250198;MA;
2256484;MA;
2316173;MA;
2789262;MA;
2926311;MA;
3948128;MA;
3948129;MA;
3948132;MA;
3968464;MA;
3983591;MA;
3983593;MA;
4520873;MA;
4520874;MA;
4526761;MA;
1674936;MA;
2250218;MA;
2254525;MA;
2926317;MA;
5231530;MA;
1323;MA;
1674010;MA;
1674508;MA;
2200941;MA;
2248013;MA;
4238221;MA;
4568810;MA;
4576273;MA;
4601149;MA;
931004;MA;
28497262;MA;
28497265;MA;
28497255;MA;
10504148;MA;
9037047;MA;
9037801;MA;
9038505;MA;
24269746;MA;
39877337;MA;
9004915;MA;
9020522;MA;
9036268;MA;
9037802;MA;
9037851;MA;
9020535;MA;
9014267;MA;
9038523;MA;
9071063;MA;
9036145;MA;
9004916;MA;
32798951;MA;
4957612;MA;
8542020;MA;
1787105;MA;
10885337;MA;
10885338;MA;
11081472;MA;
34742998;MA;
4857409;MA;
3744293;MA;
1855367;MA;
10388938;MA;
1763770;MA;